obj_error,obj_nfeat
0.47477433152487225,16
0.48091390687468116,11
0.4926874691488242,10
0.49380271139568255,9
0.5528439780727181,8
